Server,#abc1,abc1
Server,#abc2,abc2
Server,#abc3,abc3
User,#user1,user1,0,1,#for13
User,#user2,user2,0,1,#for13
User,#user3,user3,1,0,#for13
User,#user4,user4,1,1,#for14
User,#user5,user5,1,1,#for11
User,#user6,user6,1,0,#for8
User,#user7,user7,1,0,#for30
User,#user8,user8,1,1,#for13
User,#user9,user9,0,0,#for34
User,#user10,user10,1,1,#for34
User,#user11,user11,0,1,#for33
User,#user12,user12,0,1,#for46
User,#user13,user13,0,1,#for1
User,#user14,user14,0,1,#for14
User,#user15,user15,0,0,#for39
User,#user16,user16,0,0,#for16
User,#user17,user17,1,1,#for45
User,#user18,user18,1,1,#for50
User,#user19,user19,0,1,#for6
User,#user20,user20,1,1,#for14
User,#user21,user21,1,0,#for5
User,#user22,user22,0,0,#for36
User,#user23,user23,1,1,#for15
User,#user24,user24,0,0,#for23
User,#user25,user25,1,0,#for14
User,#user26,user26,0,1,#for28
User,#user27,user27,1,1,#for18
User,#user28,user28,1,1,#for34
User,#user29,user29,0,1,#for4
User,#user30,user30,0,1,#for47
User,#user31,user31,0,0,#for48
User,#user32,user32,0,0,#for32
User,#user33,user33,0,1,#for16
User,#user34,user34,0,0,#for19
User,#user35,user35,1,1,#for7
User,#user36,user36,1,0,#for7
User,#user37,user37,0,1,#for26
User,#user38,user38,1,1,#for41
User,#user39,user39,0,1,#for43
User,#user40,user40,1,0,#for16
User,#user41,user41,1,0,#for29
User,#user42,user42,1,0,#for37
User,#user43,user43,1,1,#for36
User,#user44,user44,0,1,#for12
User,#user45,user45,0,0,#for27
User,#user46,user46,0,0,#for22
User,#user47,user47,0,0,#for29
User,#user48,user48,0,0,#for47
User,#user49,user49,1,0,#for3
User,#user50,user50,1,0,#for40
User,#user51,user51,1,1,#for31
User,#user52,user52,0,0,#for47
User,#user53,user53,0,1,#for25
User,#user54,user54,1,0,#for41
User,#user55,user55,1,0,#for12
User,#user56,user56,1,1,#for40
User,#user57,user57,1,1,#for19
User,#user58,user58,0,0,#for11
User,#user59,user59,1,1,#for21
User,#user60,user60,1,1,#for27
User,#user61,user61,0,1,#for7
User,#user62,user62,0,0,#for31
User,#user63,user63,1,1,#for3
User,#user64,user64,0,1,#for38
User,#user65,user65,1,0,#for47
User,#user66,user66,1,0,#for33
User,#user67,user67,1,0,#for40
User,#user68,user68,0,0,#for43
User,#user69,user69,0,0,#for38
User,#user70,user70,0,1,#for3
User,#user71,user71,0,0,#for32
User,#user72,user72,0,0,#for30
User,#user73,user73,0,0,#for38
User,#user74,user74,0,0,#for1
User,#user75,user75,1,0,#for21
User,#user76,user76,0,1,#for39
User,#user77,user77,0,0,#for21
User,#user78,user78,0,0,#for1
User,#user79,user79,1,1,#for26
User,#user80,user80,1,0,#for1
User,#user81,user81,1,1,#for41
User,#user82,user82,1,0,#for24
User,#user83,user83,0,0,#for49
User,#user84,user84,0,1,#for7
User,#user85,user85,1,1,#for27
User,#user86,user86,0,0,#for34
User,#user87,user87,1,0,#for44
User,#user88,user88,0,1,#for19
User,#user89,user89,1,0,#for2
User,#user90,user90,1,1,#for3
User,#user91,user91,0,1,#for27
User,#user92,user92,1,1,#for26
User,#user93,user93,0,1,#for23
User,#user94,user94,0,0,#for30
User,#user95,user95,1,1,#for39
User,#user96,user96,0,0,#for33
User,#user97,user97,1,0,#for3
User,#user98,user98,0,1,#for16
User,#user99,user99,1,1,#for46
User,#user100,user100,1,0,#for40
User,#user101,user101,0,0,#for29
User,#user102,user102,0,1,#for37
User,#user103,user103,0,1,#for10
User,#user104,user104,0,1,#for44
User,#user105,user105,1,0,#for35
User,#user106,user106,0,1,#for41
User,#user107,user107,1,1,#for8
User,#user108,user108,1,1,#for38
User,#user109,user109,0,1,#for49
User,#user110,user110,0,1,#for47
User,#user111,user111,0,0,#for23
User,#user112,user112,1,0,#for24
User,#user113,user113,1,0,#for38
User,#user114,user114,0,1,#for25
User,#user115,user115,1,1,#for5
User,#user116,user116,1,1,#for9
User,#user117,user117,0,1,#for16
User,#user118,user118,0,0,#for5
User,#user119,user119,1,1,#for28
User,#user120,user120,0,0,#for31
User,#user121,user121,1,0,#for2
User,#user122,user122,0,0,#for11
User,#user123,user123,0,1,#for28
User,#user124,user124,0,1,#for19
User,#user125,user125,1,1,#for16
User,#user126,user126,1,0,#for36
User,#user127,user127,0,0,#for24
User,#user128,user128,1,1,#for11
User,#user129,user129,1,0,#for27
User,#user130,user130,1,1,#for11
User,#user131,user131,0,0,#for22
User,#user132,user132,0,0,#for37
User,#user133,user133,1,0,#for12
User,#user134,user134,0,0,#for31
User,#user135,user135,0,1,#for35
User,#user136,user136,0,1,#for45
User,#user137,user137,0,1,#for14
User,#user138,user138,1,0,#for23
User,#user139,user139,1,1,#for18
User,#user140,user140,0,1,#for48
User,#user141,user141,0,1,#for11
User,#user142,user142,1,0,#for26
User,#user143,user143,1,0,#for39
User,#user144,user144,1,1,#for41
User,#user145,user145,1,0,#for2
User,#user146,user146,0,1,#for2
User,#user147,user147,1,0,#for49
User,#user148,user148,0,0,#for50
User,#user149,user149,0,1,#for26
User,#user150,user150,1,1,#for41
User,#user151,user151,0,1,#for20
User,#user152,user152,1,0,#for42
User,#user153,user153,0,1,#for36
User,#user154,user154,1,1,#for32
User,#user155,user155,1,1,#for47
User,#user156,user156,0,0,#for26
User,#user157,user157,0,0,#for11
User,#user158,user158,0,0,#for37
User,#user159,user159,0,1,#for4
User,#user160,user160,0,1,#for27
User,#user161,user161,1,1,#for9
User,#user162,user162,0,0,#for20
User,#user163,user163,0,1,#for22
User,#user164,user164,1,0,#for20
User,#user165,user165,0,0,#for8
User,#user166,user166,0,0,#for42
User,#user167,user167,1,1,#for7
User,#user168,user168,0,0,#for44
User,#user169,user169,1,1,#for46
User,#user170,user170,1,0,#for50
User,#user171,user171,1,1,#for43
User,#user172,user172,0,0,#for32
User,#user173,user173,1,1,#for16
User,#user174,user174,0,1,#for35
User,#user175,user175,1,0,#for3
User,#user176,user176,1,0,#for45
User,#user177,user177,1,0,#for48
User,#user178,user178,1,0,#for37
User,#user179,user179,1,0,#for36
User,#user180,user180,0,0,#for28
User,#user181,user181,1,0,#for39
User,#user182,user182,0,1,#for26
User,#user183,user183,0,1,#for49
User,#user184,user184,1,0,#for3
User,#user185,user185,0,0,#for12
User,#user186,user186,0,0,#for20
User,#user187,user187,1,1,#for46
User,#user188,user188,0,1,#for5
User,#user189,user189,1,0,#for20
User,#user190,user190,0,0,#for26
User,#user191,user191,1,0,#for14
User,#user192,user192,0,0,#for29
User,#user193,user193,0,0,#for17
User,#user194,user194,0,0,#for19
User,#user195,user195,1,1,#for17
User,#user196,user196,0,0,#for49
User,#user197,user197,1,1,#for1
User,#user198,user198,0,1,#for32
User,#user199,user199,0,0,#for45
User,#user200,user200,0,1,#for48
Chat,#for1,chat1,#abc1
Chat,#for2,chat2,#abc1
Chat,#for3,chat3,#abc3
Chat,#for4,chat4,#abc2
Chat,#for5,chat5,#abc1
Chat,#for6,chat6,#abc1
Chat,#for7,chat7,#abc3
Chat,#for8,chat8,#abc1
Chat,#for9,chat9,#abc3
Chat,#for10,chat10,#abc3
Chat,#for11,chat11,#abc2
Chat,#for12,chat12,#abc1
Chat,#for13,chat13,#abc2
Chat,#for14,chat14,#abc1
Chat,#for15,chat15,#abc1
Chat,#for16,chat16,#abc3
Chat,#for17,chat17,#abc1
Chat,#for18,chat18,#abc3
Chat,#for19,chat19,#abc3
Chat,#for20,chat20,#abc3
Chat,#for21,chat21,#abc3
Chat,#for22,chat22,#abc2
Chat,#for23,chat23,#abc1
Chat,#for24,chat24,#abc1
Chat,#for25,chat25,#abc3
Chat,#for26,chat26,#abc3
Chat,#for27,chat27,#abc3
Chat,#for28,chat28,#abc2
Chat,#for29,chat29,#abc3
Chat,#for30,chat30,#abc1
Chat,#for31,chat31,#abc1
Chat,#for32,chat32,#abc1
Chat,#for33,chat33,#abc1
Chat,#for34,chat34,#abc2
Chat,#for35,chat35,#abc3
Chat,#for36,chat36,#abc3
Chat,#for37,chat37,#abc1
Chat,#for38,chat38,#abc2
Chat,#for39,chat39,#abc3
Chat,#for40,chat40,#abc3
Chat,#for41,chat41,#abc1
Chat,#for42,chat42,#abc2
Chat,#for43,chat43,#abc3
Chat,#for44,chat44,#abc2
Chat,#for45,chat45,#abc1
Chat,#for46,chat46,#abc3
Chat,#for47,chat47,#abc1
Chat,#for48,chat48,#abc3
Chat,#for49,chat49,#abc3
Chat,#for50,chat50,#abc3
Message,#msg1,Small Text111,14.06.2020 0:00:00,#for22,#user37
Message,#msg2,Small Text222,08.07.2003 0:00:00,#for3,#user8
Message,#msg3,Small Text333,02.03.2010 0:00:00,#for6,#user112
Message,#msg4,Small Text444,25.01.2014 0:00:00,#for47,#user19
Message,#msg5,Small Text555,01.01.2003 0:00:00,#for7,#user122
Message,#msg6,Small Text666,27.10.2002 0:00:00,#for23,#user91
Message,#msg7,Small Text777,09.07.2010 0:00:00,#for46,#user113
Message,#msg8,Small Text888,20.05.2005 0:00:00,#for6,#user30
Message,#msg9,Small Text999,16.11.2012 0:00:00,#for6,#user7
Message,#msg10,Small Text101010,26.04.2002 0:00:00,#for40,#user133
Message,#msg11,Small Text111111,08.01.2003 0:00:00,#for23,#user67
Message,#msg12,Small Text121212,13.02.2019 0:00:00,#for26,#user170
Message,#msg13,Small Text131313,02.09.2003 0:00:00,#for32,#user80
Message,#msg14,Small Text141414,12.05.2012 0:00:00,#for42,#user195
Message,#msg15,Small Text151515,14.06.2002 0:00:00,#for8,#user16
Message,#msg16,Small Text161616,06.02.2005 0:00:00,#for22,#user41
Message,#msg17,Small Text171717,21.03.2015 0:00:00,#for8,#user191
Message,#msg18,Small Text181818,05.08.2003 0:00:00,#for32,#user81
Message,#msg19,Small Text191919,21.01.2019 0:00:00,#for11,#user31
Message,#msg20,Small Text202020,11.08.2012 0:00:00,#for26,#user2
Message,#msg21,Small Text212121,16.08.2007 0:00:00,#for43,#user68
Message,#msg22,Small Text222222,23.08.2004 0:00:00,#for22,#user18
Message,#msg23,Small Text232323,10.01.2016 0:00:00,#for8,#user193
Message,#msg24,Small Text242424,02.05.2013 0:00:00,#for37,#user183
Message,#msg25,Small Text252525,05.06.2012 0:00:00,#for6,#user187
Message,#msg26,Small Text262626,06.04.2020 0:00:00,#for22,#user41
Message,#msg27,Small Text272727,13.07.2011 0:00:00,#for22,#user138
Message,#msg28,Small Text282828,15.04.2004 0:00:00,#for19,#user21
Message,#msg29,Small Text292929,10.11.2014 0:00:00,#for34,#user42
Message,#msg30,Small Text303030,09.07.2011 0:00:00,#for30,#user38
Message,#msg31,Small Text313131,11.04.2015 0:00:00,#for47,#user105
Message,#msg32,Small Text323232,07.08.2002 0:00:00,#for35,#user10
Message,#msg33,Small Text333333,20.06.2001 0:00:00,#for46,#user15
Message,#msg34,Small Text343434,05.04.2006 0:00:00,#for8,#user87
Message,#msg35,Small Text353535,04.02.2016 0:00:00,#for16,#user156
Message,#msg36,Small Text363636,27.02.2011 0:00:00,#for29,#user4
Message,#msg37,Small Text373737,09.11.2009 0:00:00,#for2,#user103
Message,#msg38,Small Text383838,04.10.2008 0:00:00,#for2,#user7
Message,#msg39,Small Text393939,05.06.2013 0:00:00,#for10,#user82
Message,#msg40,Small Text404040,12.02.2004 0:00:00,#for21,#user9
Message,#msg41,Small Text414141,27.07.2007 0:00:00,#for47,#user164
Message,#msg42,Small Text424242,01.04.2019 0:00:00,#for32,#user87
Message,#msg43,Small Text434343,22.08.2011 0:00:00,#for8,#user28
Message,#msg44,Small Text444444,13.09.2006 0:00:00,#for21,#user30
Message,#msg45,Small Text454545,11.06.2007 0:00:00,#for48,#user5
Message,#msg46,Small Text464646,02.04.2020 0:00:00,#for39,#user10
Message,#msg47,Small Text474747,17.04.2011 0:00:00,#for1,#user150
Message,#msg48,Small Text484848,02.09.2017 0:00:00,#for14,#user199
Message,#msg49,Small Text494949,05.06.2015 0:00:00,#for47,#user192
Message,#msg50,Small Text505050,12.01.2002 0:00:00,#for45,#user29
Message,#msg51,Small Text515151,23.06.2020 0:00:00,#for50,#user82
Message,#msg52,Small Text525252,16.07.2013 0:00:00,#for27,#user91
Message,#msg53,Small Text535353,11.01.2016 0:00:00,#for20,#user148
Message,#msg54,Small Text545454,09.07.2003 0:00:00,#for33,#user173
Message,#msg55,Small Text555555,10.09.2001 0:00:00,#for22,#user170
Message,#msg56,Small Text565656,13.03.2020 0:00:00,#for11,#user43
Message,#msg57,Small Text575757,27.10.2014 0:00:00,#for40,#user130
Message,#msg58,Small Text585858,23.11.2017 0:00:00,#for46,#user175
Message,#msg59,Small Text595959,22.10.2012 0:00:00,#for48,#user20
Message,#msg60,Small Text606060,14.01.2008 0:00:00,#for31,#user40
Message,#msg61,Small Text616161,06.11.2013 0:00:00,#for37,#user67
Message,#msg62,Small Text626262,09.06.2013 0:00:00,#for29,#user63
Message,#msg63,Small Text636363,04.04.2002 0:00:00,#for46,#user173
Message,#msg64,Small Text646464,16.08.2002 0:00:00,#for10,#user178
Message,#msg65,Small Text656565,05.08.2000 0:00:00,#for38,#user102
Message,#msg66,Small Text666666,09.02.2001 0:00:00,#for49,#user48
Message,#msg67,Small Text676767,08.10.2016 0:00:00,#for31,#user132
Message,#msg68,Small Text686868,26.04.2011 0:00:00,#for22,#user133
Message,#msg69,Small Text696969,05.08.2009 0:00:00,#for38,#user151
Message,#msg70,Small Text707070,10.08.2000 0:00:00,#for1,#user20
Message,#msg71,Small Text717171,14.10.2008 0:00:00,#for8,#user80
Message,#msg72,Small Text727272,04.04.2008 0:00:00,#for30,#user31
Message,#msg73,Small Text737373,17.02.2018 0:00:00,#for5,#user131
Message,#msg74,Small Text747474,21.04.2001 0:00:00,#for8,#user190
Message,#msg75,Small Text757575,12.01.2000 0:00:00,#for14,#user11
Message,#msg76,Small Text767676,22.08.2007 0:00:00,#for26,#user185
Message,#msg77,Small Text777777,01.02.2001 0:00:00,#for28,#user187
Message,#msg78,Small Text787878,02.09.2015 0:00:00,#for16,#user147
Message,#msg79,Small Text797979,22.04.2009 0:00:00,#for22,#user19
Message,#msg80,Small Text808080,25.09.2010 0:00:00,#for31,#user87
Message,#msg81,Small Text818181,17.09.2003 0:00:00,#for19,#user141
Message,#msg82,Small Text828282,01.11.2015 0:00:00,#for10,#user110
Message,#msg83,Small Text838383,01.06.2006 0:00:00,#for44,#user96
Message,#msg84,Small Text848484,15.05.2019 0:00:00,#for23,#user108
Message,#msg85,Small Text858585,13.10.2014 0:00:00,#for35,#user29
Message,#msg86,Small Text868686,02.06.2009 0:00:00,#for38,#user93
Message,#msg87,Small Text878787,10.09.2020 0:00:00,#for2,#user124
Message,#msg88,Small Text888888,23.09.2021 0:00:00,#for41,#user81
Message,#msg89,Small Text898989,27.10.2019 0:00:00,#for11,#user96
Message,#msg90,Small Text909090,16.10.2021 0:00:00,#for3,#user5
Message,#msg91,Small Text919191,14.05.2000 0:00:00,#for16,#user13
Message,#msg92,Small Text929292,06.01.2020 0:00:00,#for35,#user182
Message,#msg93,Small Text939393,06.03.2016 0:00:00,#for44,#user8
Message,#msg94,Small Text949494,19.02.2003 0:00:00,#for43,#user131
Message,#msg95,Small Text959595,20.07.2020 0:00:00,#for32,#user137
Message,#msg96,Small Text969696,22.07.2005 0:00:00,#for17,#user109
Message,#msg97,Small Text979797,27.02.2011 0:00:00,#for15,#user12
Message,#msg98,Small Text989898,16.09.2003 0:00:00,#for32,#user148
Message,#msg99,Small Text999999,20.10.2001 0:00:00,#for17,#user61
Message,#msg100,Small Text100100100,10.09.2017 0:00:00,#for1,#user163
Message,#msg101,Small Text101101101,16.05.2001 0:00:00,#for7,#user7
Message,#msg102,Small Text102102102,12.07.2012 0:00:00,#for26,#user53
Message,#msg103,Small Text103103103,27.05.2014 0:00:00,#for27,#user174
Message,#msg104,Small Text104104104,04.01.2021 0:00:00,#for34,#user145
Message,#msg105,Small Text105105105,23.02.2014 0:00:00,#for18,#user177
Message,#msg106,Small Text106106106,14.03.2013 0:00:00,#for19,#user173
Message,#msg107,Small Text107107107,04.07.2013 0:00:00,#for34,#user30
Message,#msg108,Small Text108108108,03.08.2011 0:00:00,#for22,#user16
Message,#msg109,Small Text109109109,11.01.2007 0:00:00,#for20,#user29
Message,#msg110,Small Text110110110,02.02.2019 0:00:00,#for39,#user188
Message,#msg111,Small Text111111111,12.11.2008 0:00:00,#for2,#user143
Message,#msg112,Small Text112112112,13.07.2008 0:00:00,#for10,#user111
Message,#msg113,Small Text113113113,07.04.2010 0:00:00,#for25,#user7
Message,#msg114,Small Text114114114,20.09.2007 0:00:00,#for19,#user156
Message,#msg115,Small Text115115115,01.11.2004 0:00:00,#for21,#user96
Message,#msg116,Small Text116116116,23.02.2004 0:00:00,#for1,#user89
Message,#msg117,Small Text117117117,19.04.2006 0:00:00,#for31,#user37
Message,#msg118,Small Text118118118,07.05.2002 0:00:00,#for36,#user159
Message,#msg119,Small Text119119119,22.02.2020 0:00:00,#for13,#user77
Message,#msg120,Small Text120120120,23.04.2009 0:00:00,#for14,#user23
Message,#msg121,Small Text121121121,20.11.2016 0:00:00,#for36,#user165
Message,#msg122,Small Text122122122,23.01.2007 0:00:00,#for26,#user7
Message,#msg123,Small Text123123123,15.10.2010 0:00:00,#for32,#user12
Message,#msg124,Small Text124124124,10.01.2009 0:00:00,#for31,#user139
Message,#msg125,Small Text125125125,27.05.2019 0:00:00,#for16,#user8
Message,#msg126,Small Text126126126,07.07.2018 0:00:00,#for26,#user197
Message,#msg127,Small Text127127127,25.09.2015 0:00:00,#for25,#user22
Message,#msg128,Small Text128128128,22.11.2000 0:00:00,#for22,#user71
Message,#msg129,Small Text129129129,05.08.2012 0:00:00,#for10,#user114
Message,#msg130,Small Text130130130,07.09.2013 0:00:00,#for32,#user129
Message,#msg131,Small Text131131131,01.02.2002 0:00:00,#for36,#user87
Message,#msg132,Small Text132132132,14.11.2009 0:00:00,#for40,#user35
Message,#msg133,Small Text133133133,21.02.2015 0:00:00,#for19,#user104
Message,#msg134,Small Text134134134,05.06.2019 0:00:00,#for36,#user150
Message,#msg135,Small Text135135135,11.07.2016 0:00:00,#for48,#user50
Message,#msg136,Small Text136136136,04.10.2015 0:00:00,#for39,#user64
Message,#msg137,Small Text137137137,26.05.2000 0:00:00,#for27,#user174
Message,#msg138,Small Text138138138,05.06.2006 0:00:00,#for38,#user127
Message,#msg139,Small Text139139139,20.03.2002 0:00:00,#for34,#user35
Message,#msg140,Small Text140140140,03.11.2021 0:00:00,#for15,#user115
Message,#msg141,Small Text141141141,01.02.2013 0:00:00,#for30,#user149
Message,#msg142,Small Text142142142,22.04.2003 0:00:00,#for35,#user196
Message,#msg143,Small Text143143143,11.07.2018 0:00:00,#for10,#user121
Message,#msg144,Small Text144144144,07.04.2002 0:00:00,#for50,#user2
Message,#msg145,Small Text145145145,21.02.2007 0:00:00,#for13,#user13
Message,#msg146,Small Text146146146,02.05.2009 0:00:00,#for38,#user79
Message,#msg147,Small Text147147147,11.08.2020 0:00:00,#for11,#user63
Message,#msg148,Small Text148148148,01.04.2018 0:00:00,#for11,#user145
Message,#msg149,Small Text149149149,04.07.2001 0:00:00,#for34,#user200
Message,#msg150,Small Text150150150,15.09.2021 0:00:00,#for48,#user165
Message,#msg151,Small Text151151151,22.07.2016 0:00:00,#for49,#user163
Message,#msg152,Small Text152152152,03.04.2007 0:00:00,#for13,#user115
Message,#msg153,Small Text153153153,18.10.2013 0:00:00,#for22,#user127
Message,#msg154,Small Text154154154,03.08.2000 0:00:00,#for35,#user88
Message,#msg155,Small Text155155155,05.02.2008 0:00:00,#for45,#user78
Message,#msg156,Small Text156156156,15.02.2006 0:00:00,#for4,#user154
Message,#msg157,Small Text157157157,09.10.2003 0:00:00,#for17,#user129
Message,#msg158,Small Text158158158,18.09.2005 0:00:00,#for26,#user25
Message,#msg159,Small Text159159159,18.02.2020 0:00:00,#for6,#user145
Message,#msg160,Small Text160160160,03.06.2020 0:00:00,#for19,#user89
Message,#msg161,Small Text161161161,05.10.2007 0:00:00,#for48,#user35
Message,#msg162,Small Text162162162,23.10.2009 0:00:00,#for10,#user129
Message,#msg163,Small Text163163163,06.09.2011 0:00:00,#for18,#user64
Message,#msg164,Small Text164164164,06.07.2015 0:00:00,#for16,#user88
Message,#msg165,Small Text165165165,18.04.2003 0:00:00,#for22,#user34
Message,#msg166,Small Text166166166,24.06.2008 0:00:00,#for33,#user159
Message,#msg167,Small Text167167167,08.04.2006 0:00:00,#for39,#user31
Message,#msg168,Small Text168168168,23.11.2013 0:00:00,#for46,#user124
Message,#msg169,Small Text169169169,19.10.2021 0:00:00,#for27,#user137
Message,#msg170,Small Text170170170,20.06.2014 0:00:00,#for49,#user127
Message,#msg171,Small Text171171171,12.07.2011 0:00:00,#for50,#user124
Message,#msg172,Small Text172172172,13.05.2003 0:00:00,#for22,#user41
Message,#msg173,Small Text173173173,17.05.2019 0:00:00,#for18,#user106
Message,#msg174,Small Text174174174,26.10.2012 0:00:00,#for13,#user153
Message,#msg175,Small Text175175175,04.10.2018 0:00:00,#for40,#user71
Message,#msg176,Small Text176176176,08.10.2014 0:00:00,#for23,#user126
Message,#msg177,Small Text177177177,05.01.2018 0:00:00,#for31,#user110
Message,#msg178,Small Text178178178,18.08.2000 0:00:00,#for31,#user53
Message,#msg179,Small Text179179179,11.02.2005 0:00:00,#for12,#user194
Message,#msg180,Small Text180180180,06.06.2011 0:00:00,#for4,#user108
Message,#msg181,Small Text181181181,05.06.2017 0:00:00,#for42,#user110
Message,#msg182,Small Text182182182,12.10.2013 0:00:00,#for42,#user21
Message,#msg183,Small Text183183183,06.07.2021 0:00:00,#for39,#user197
Message,#msg184,Small Text184184184,09.10.2014 0:00:00,#for11,#user8
Message,#msg185,Small Text185185185,07.01.2006 0:00:00,#for20,#user82
Message,#msg186,Small Text186186186,18.03.2021 0:00:00,#for25,#user116
Message,#msg187,Small Text187187187,21.01.2013 0:00:00,#for2,#user79
Message,#msg188,Small Text188188188,23.02.2015 0:00:00,#for49,#user167
Message,#msg189,Small Text189189189,03.10.2020 0:00:00,#for43,#user26
Message,#msg190,Small Text190190190,03.02.2021 0:00:00,#for22,#user59
Message,#msg191,Small Text191191191,22.01.2014 0:00:00,#for15,#user90
Message,#msg192,Small Text192192192,24.08.2008 0:00:00,#for42,#user175
Message,#msg193,Small Text193193193,02.07.2008 0:00:00,#for31,#user20
Message,#msg194,Small Text194194194,13.11.2003 0:00:00,#for31,#user55
Message,#msg195,Small Text195195195,05.06.2011 0:00:00,#for43,#user141
Message,#msg196,Small Text196196196,16.09.2009 0:00:00,#for18,#user184
Message,#msg197,Small Text197197197,13.02.2021 0:00:00,#for11,#user160
Message,#msg198,Small Text198198198,27.11.2020 0:00:00,#for30,#user179
Message,#msg199,Small Text199199199,10.09.2012 0:00:00,#for21,#user15
Message,#msg200,Small Text200200200,23.11.2006 0:00:00,#for33,#user63
Message,#msg201,Small Text201201201,05.07.2019 0:00:00,#for3,#user36
Message,#msg202,Small Text202202202,22.07.2021 0:00:00,#for43,#user122
Message,#msg203,Small Text203203203,06.05.2010 0:00:00,#for9,#user107
Message,#msg204,Small Text204204204,15.11.2007 0:00:00,#for33,#user177
Message,#msg205,Small Text205205205,09.02.2020 0:00:00,#for26,#user197
Message,#msg206,Small Text206206206,22.03.2016 0:00:00,#for32,#user107
Message,#msg207,Small Text207207207,24.02.2014 0:00:00,#for39,#user131
Message,#msg208,Small Text208208208,01.10.2008 0:00:00,#for1,#user117
Message,#msg209,Small Text209209209,06.11.2003 0:00:00,#for11,#user68
Message,#msg210,Small Text210210210,01.10.2010 0:00:00,#for31,#user151
Message,#msg211,Small Text211211211,01.09.2001 0:00:00,#for17,#user11
Message,#msg212,Small Text212212212,22.09.2007 0:00:00,#for16,#user41
Message,#msg213,Small Text213213213,21.06.2009 0:00:00,#for2,#user65
Message,#msg214,Small Text214214214,23.06.2018 0:00:00,#for49,#user138
Message,#msg215,Small Text215215215,27.09.2002 0:00:00,#for13,#user18
Message,#msg216,Small Text216216216,20.01.2009 0:00:00,#for27,#user194
Message,#msg217,Small Text217217217,08.01.2021 0:00:00,#for5,#user145
Message,#msg218,Small Text218218218,12.04.2002 0:00:00,#for26,#user123
Message,#msg219,Small Text219219219,06.01.2008 0:00:00,#for1,#user132
Message,#msg220,Small Text220220220,15.09.2003 0:00:00,#for41,#user35
Message,#msg221,Small Text221221221,24.10.2019 0:00:00,#for40,#user158
Message,#msg222,Small Text222222222,01.01.2009 0:00:00,#for18,#user32
Message,#msg223,Small Text223223223,07.03.2021 0:00:00,#for3,#user116
Message,#msg224,Small Text224224224,22.01.2020 0:00:00,#for19,#user160
Message,#msg225,Small Text225225225,16.02.2021 0:00:00,#for13,#user161
Message,#msg226,Small Text226226226,23.07.2019 0:00:00,#for34,#user55
Message,#msg227,Small Text227227227,12.03.2002 0:00:00,#for49,#user131
Message,#msg228,Small Text228228228,17.04.2017 0:00:00,#for12,#user103
Message,#msg229,Small Text229229229,01.06.2008 0:00:00,#for41,#user11
Message,#msg230,Small Text230230230,16.05.2004 0:00:00,#for20,#user49
Message,#msg231,Small Text231231231,14.05.2001 0:00:00,#for39,#user159
Message,#msg232,Small Text232232232,19.05.2000 0:00:00,#for50,#user122
Message,#msg233,Small Text233233233,15.10.2014 0:00:00,#for3,#user147
Message,#msg234,Small Text234234234,18.09.2019 0:00:00,#for44,#user29
Message,#msg235,Small Text235235235,27.01.2000 0:00:00,#for19,#user138
Message,#msg236,Small Text236236236,07.03.2012 0:00:00,#for23,#user120
Message,#msg237,Small Text237237237,14.03.2006 0:00:00,#for29,#user39
Message,#msg238,Small Text238238238,20.10.2000 0:00:00,#for31,#user122
Message,#msg239,Small Text239239239,26.06.2002 0:00:00,#for6,#user124
Message,#msg240,Small Text240240240,01.03.2007 0:00:00,#for27,#user89
Message,#msg241,Small Text241241241,10.03.2012 0:00:00,#for24,#user196
Message,#msg242,Small Text242242242,01.04.2012 0:00:00,#for13,#user126
Message,#msg243,Small Text243243243,23.09.2003 0:00:00,#for5,#user125
Message,#msg244,Small Text244244244,14.06.2003 0:00:00,#for43,#user161
Message,#msg245,Small Text245245245,14.06.2019 0:00:00,#for38,#user56
Message,#msg246,Small Text246246246,10.02.2020 0:00:00,#for36,#user15
Message,#msg247,Small Text247247247,25.07.2018 0:00:00,#for44,#user185
Message,#msg248,Small Text248248248,20.09.2003 0:00:00,#for40,#user93
Message,#msg249,Small Text249249249,10.01.2007 0:00:00,#for26,#user73
Message,#msg250,Small Text250250250,10.03.2014 0:00:00,#for36,#user172
Message,#msg251,Small Text251251251,23.03.2021 0:00:00,#for9,#user87
Message,#msg252,Small Text252252252,21.10.2005 0:00:00,#for46,#user60
Message,#msg253,Small Text253253253,21.02.2011 0:00:00,#for2,#user131
Message,#msg254,Small Text254254254,16.04.2002 0:00:00,#for27,#user88
Message,#msg255,Small Text255255255,15.05.2004 0:00:00,#for47,#user99
Message,#msg256,Small Text256256256,11.09.2010 0:00:00,#for13,#user81
Message,#msg257,Small Text257257257,19.06.2003 0:00:00,#for47,#user86
Message,#msg258,Small Text258258258,18.08.2008 0:00:00,#for50,#user58
Message,#msg259,Small Text259259259,10.07.2011 0:00:00,#for22,#user113
Message,#msg260,Small Text260260260,01.07.2003 0:00:00,#for49,#user76
Message,#msg261,Small Text261261261,12.08.2013 0:00:00,#for24,#user45
Message,#msg262,Small Text262262262,13.09.2000 0:00:00,#for15,#user101
Message,#msg263,Small Text263263263,05.06.2006 0:00:00,#for11,#user193
Message,#msg264,Small Text264264264,24.08.2020 0:00:00,#for44,#user25
Message,#msg265,Small Text265265265,09.08.2002 0:00:00,#for7,#user47
Message,#msg266,Small Text266266266,01.08.2015 0:00:00,#for33,#user122
Message,#msg267,Small Text267267267,10.08.2012 0:00:00,#for26,#user80
Message,#msg268,Small Text268268268,03.08.2011 0:00:00,#for28,#user10
Message,#msg269,Small Text269269269,16.03.2003 0:00:00,#for39,#user42
Message,#msg270,Small Text270270270,17.04.2012 0:00:00,#for14,#user50
Message,#msg271,Small Text271271271,27.10.2013 0:00:00,#for41,#user159
Message,#msg272,Small Text272272272,03.08.2000 0:00:00,#for32,#user171
Message,#msg273,Small Text273273273,06.02.2012 0:00:00,#for1,#user198
Message,#msg274,Small Text274274274,02.05.2007 0:00:00,#for3,#user195
Message,#msg275,Small Text275275275,11.09.2010 0:00:00,#for45,#user35
Message,#msg276,Small Text276276276,12.07.2008 0:00:00,#for16,#user60
Message,#msg277,Small Text277277277,04.09.2013 0:00:00,#for48,#user175
Message,#msg278,Small Text278278278,27.04.2011 0:00:00,#for22,#user131
Message,#msg279,Small Text279279279,04.05.2011 0:00:00,#for44,#user91
Message,#msg280,Small Text280280280,06.05.2010 0:00:00,#for32,#user170
Message,#msg281,Small Text281281281,18.02.2009 0:00:00,#for7,#user109
Message,#msg282,Small Text282282282,02.04.2010 0:00:00,#for18,#user113
Message,#msg283,Small Text283283283,17.01.2004 0:00:00,#for19,#user83
Message,#msg284,Small Text284284284,26.07.2002 0:00:00,#for6,#user176
Message,#msg285,Small Text285285285,09.07.2005 0:00:00,#for44,#user63
Message,#msg286,Small Text286286286,20.11.2010 0:00:00,#for49,#user30
Message,#msg287,Small Text287287287,16.03.2015 0:00:00,#for40,#user105
Message,#msg288,Small Text288288288,13.02.2013 0:00:00,#for14,#user11
Message,#msg289,Small Text289289289,15.09.2003 0:00:00,#for28,#user12
Message,#msg290,Small Text290290290,11.08.2020 0:00:00,#for5,#user114
Message,#msg291,Small Text291291291,14.05.2010 0:00:00,#for49,#user88
Message,#msg292,Small Text292292292,23.11.2013 0:00:00,#for20,#user160
Message,#msg293,Small Text293293293,09.04.2008 0:00:00,#for10,#user106
Message,#msg294,Small Text294294294,07.01.2003 0:00:00,#for43,#user185
Message,#msg295,Small Text295295295,13.08.2003 0:00:00,#for27,#user93
Message,#msg296,Small Text296296296,25.03.2020 0:00:00,#for40,#user85
Message,#msg297,Small Text297297297,05.07.2008 0:00:00,#for42,#user60
Message,#msg298,Small Text298298298,19.02.2006 0:00:00,#for46,#user19
Message,#msg299,Small Text299299299,07.06.2020 0:00:00,#for34,#user26
Message,#msg300,Small Text300300300,16.07.2020 0:00:00,#for4,#user137
Message,#msg301,Small Text301301301,19.04.2010 0:00:00,#for10,#user102
Message,#msg302,Small Text302302302,17.10.2016 0:00:00,#for7,#user13
Message,#msg303,Small Text303303303,18.01.2011 0:00:00,#for44,#user65
Message,#msg304,Small Text304304304,25.06.2017 0:00:00,#for37,#user13
Message,#msg305,Small Text305305305,04.09.2019 0:00:00,#for47,#user9
Message,#msg306,Small Text306306306,26.05.2015 0:00:00,#for23,#user188
Message,#msg307,Small Text307307307,23.03.2001 0:00:00,#for34,#user43
Message,#msg308,Small Text308308308,04.11.2016 0:00:00,#for8,#user83
Message,#msg309,Small Text309309309,11.07.2017 0:00:00,#for35,#user68
Message,#msg310,Small Text310310310,09.04.2005 0:00:00,#for24,#user188
Message,#msg311,Small Text311311311,24.04.2004 0:00:00,#for32,#user105
Message,#msg312,Small Text312312312,05.01.2021 0:00:00,#for17,#user86
Message,#msg313,Small Text313313313,13.11.2014 0:00:00,#for31,#user32
Message,#msg314,Small Text314314314,16.09.2019 0:00:00,#for50,#user73
Message,#msg315,Small Text315315315,04.11.2013 0:00:00,#for41,#user84
Message,#msg316,Small Text316316316,19.09.2009 0:00:00,#for6,#user157
Message,#msg317,Small Text317317317,24.07.2020 0:00:00,#for37,#user57
Message,#msg318,Small Text318318318,12.06.2001 0:00:00,#for15,#user49
Message,#msg319,Small Text319319319,04.02.2007 0:00:00,#for8,#user47
Message,#msg320,Small Text320320320,03.03.2010 0:00:00,#for5,#user174
Message,#msg321,Small Text321321321,26.06.2021 0:00:00,#for17,#user197
Message,#msg322,Small Text322322322,27.09.2005 0:00:00,#for47,#user10
Message,#msg323,Small Text323323323,27.04.2007 0:00:00,#for38,#user184
Message,#msg324,Small Text324324324,06.04.2003 0:00:00,#for6,#user37
Message,#msg325,Small Text325325325,05.11.2017 0:00:00,#for45,#user137
Message,#msg326,Small Text326326326,02.06.2006 0:00:00,#for21,#user183
Message,#msg327,Small Text327327327,17.07.2018 0:00:00,#for48,#user199
Message,#msg328,Small Text328328328,09.08.2004 0:00:00,#for27,#user54
Message,#msg329,Small Text329329329,03.10.2009 0:00:00,#for19,#user71
Message,#msg330,Small Text330330330,19.11.2003 0:00:00,#for39,#user118
Message,#msg331,Small Text331331331,05.03.2007 0:00:00,#for22,#user2
Message,#msg332,Small Text332332332,12.09.2020 0:00:00,#for6,#user46
Message,#msg333,Small Text333333333,22.08.2010 0:00:00,#for24,#user133
Message,#msg334,Small Text334334334,14.09.2002 0:00:00,#for3,#user79
Message,#msg335,Small Text335335335,06.07.2001 0:00:00,#for17,#user138
Message,#msg336,Small Text336336336,04.08.2000 0:00:00,#for2,#user76
Message,#msg337,Small Text337337337,06.10.2016 0:00:00,#for41,#user136
Message,#msg338,Small Text338338338,20.08.2017 0:00:00,#for23,#user56
Message,#msg339,Small Text339339339,26.04.2011 0:00:00,#for19,#user116
Message,#msg340,Small Text340340340,01.03.2006 0:00:00,#for30,#user200
Message,#msg341,Small Text341341341,26.08.2001 0:00:00,#for23,#user23
Message,#msg342,Small Text342342342,24.05.2005 0:00:00,#for11,#user145
Message,#msg343,Small Text343343343,16.01.2003 0:00:00,#for44,#user13
Message,#msg344,Small Text344344344,24.10.2013 0:00:00,#for42,#user30
Message,#msg345,Small Text345345345,16.04.2016 0:00:00,#for17,#user14
Message,#msg346,Small Text346346346,10.06.2001 0:00:00,#for7,#user124
Message,#msg347,Small Text347347347,26.07.2020 0:00:00,#for14,#user33
Message,#msg348,Small Text348348348,22.02.2001 0:00:00,#for46,#user25
Message,#msg349,Small Text349349349,11.03.2001 0:00:00,#for41,#user198
Message,#msg350,Small Text350350350,24.02.2007 0:00:00,#for36,#user187
Message,#msg351,Small Text351351351,12.03.2015 0:00:00,#for27,#user119
Message,#msg352,Small Text352352352,19.05.2005 0:00:00,#for14,#user176
Message,#msg353,Small Text353353353,13.04.2008 0:00:00,#for29,#user99
Message,#msg354,Small Text354354354,21.02.2007 0:00:00,#for15,#user48
Message,#msg355,Small Text355355355,20.02.2003 0:00:00,#for40,#user8
Message,#msg356,Small Text356356356,17.09.2010 0:00:00,#for49,#user38
Message,#msg357,Small Text357357357,24.10.2010 0:00:00,#for31,#user95
Message,#msg358,Small Text358358358,08.05.2002 0:00:00,#for43,#user92
Message,#msg359,Small Text359359359,01.06.2014 0:00:00,#for7,#user133
Message,#msg360,Small Text360360360,09.04.2014 0:00:00,#for27,#user106
Message,#msg361,Small Text361361361,18.07.2011 0:00:00,#for46,#user128
Message,#msg362,Small Text362362362,11.02.2001 0:00:00,#for18,#user81
Message,#msg363,Small Text363363363,15.04.2003 0:00:00,#for23,#user117
Message,#msg364,Small Text364364364,24.01.2008 0:00:00,#for45,#user66
Message,#msg365,Small Text365365365,22.01.2005 0:00:00,#for42,#user105
Message,#msg366,Small Text366366366,02.09.2009 0:00:00,#for30,#user133
Message,#msg367,Small Text367367367,20.06.2010 0:00:00,#for28,#user25
Message,#msg368,Small Text368368368,18.04.2003 0:00:00,#for2,#user182
Message,#msg369,Small Text369369369,27.01.2004 0:00:00,#for25,#user109
Message,#msg370,Small Text370370370,12.10.2021 0:00:00,#for44,#user87
Message,#msg371,Small Text371371371,14.09.2013 0:00:00,#for44,#user121
Message,#msg372,Small Text372372372,15.07.2018 0:00:00,#for27,#user34
Message,#msg373,Small Text373373373,26.01.2000 0:00:00,#for32,#user4
Message,#msg374,Small Text374374374,13.07.2015 0:00:00,#for32,#user123
Message,#msg375,Small Text375375375,09.05.2012 0:00:00,#for46,#user86
Message,#msg376,Small Text376376376,16.01.2010 0:00:00,#for23,#user181
Message,#msg377,Small Text377377377,20.03.2021 0:00:00,#for48,#user63
Message,#msg378,Small Text378378378,12.02.2021 0:00:00,#for7,#user113
Message,#msg379,Small Text379379379,15.08.2001 0:00:00,#for16,#user74
Message,#msg380,Small Text380380380,20.02.2005 0:00:00,#for38,#user74
Message,#msg381,Small Text381381381,03.10.2007 0:00:00,#for16,#user51
Message,#msg382,Small Text382382382,16.06.2013 0:00:00,#for10,#user145
Message,#msg383,Small Text383383383,01.09.2005 0:00:00,#for22,#user188
Message,#msg384,Small Text384384384,23.10.2019 0:00:00,#for5,#user43
Message,#msg385,Small Text385385385,12.01.2014 0:00:00,#for25,#user199
Message,#msg386,Small Text386386386,24.11.2018 0:00:00,#for5,#user85
Message,#msg387,Small Text387387387,24.04.2011 0:00:00,#for41,#user118
Message,#msg388,Small Text388388388,12.05.2001 0:00:00,#for4,#user61
Message,#msg389,Small Text389389389,17.06.2010 0:00:00,#for27,#user145
Message,#msg390,Small Text390390390,13.08.2001 0:00:00,#for7,#user15
Message,#msg391,Small Text391391391,21.08.2006 0:00:00,#for13,#user44
Message,#msg392,Small Text392392392,26.08.2013 0:00:00,#for37,#user21
Message,#msg393,Small Text393393393,09.04.2007 0:00:00,#for26,#user180
Message,#msg394,Small Text394394394,07.09.2012 0:00:00,#for16,#user33
Message,#msg395,Small Text395395395,08.03.2019 0:00:00,#for21,#user15
Message,#msg396,Small Text396396396,17.03.2008 0:00:00,#for6,#user161
Message,#msg397,Small Text397397397,09.08.2014 0:00:00,#for21,#user185
Message,#msg398,Small Text398398398,27.02.2012 0:00:00,#for32,#user143
Message,#msg399,Small Text399399399,07.10.2007 0:00:00,#for38,#user93
Message,#msg400,Small Text400400400,18.08.2019 0:00:00,#for17,#user109
Message,#msg401,Small Text401401401,01.07.2009 0:00:00,#for47,#user29
Message,#msg402,Small Text402402402,13.07.2013 0:00:00,#for34,#user135
Message,#msg403,Small Text403403403,18.02.2020 0:00:00,#for37,#user65
Message,#msg404,Small Text404404404,09.01.2007 0:00:00,#for26,#user76
Message,#msg405,Small Text405405405,27.06.2005 0:00:00,#for20,#user23
Message,#msg406,Small Text406406406,14.11.2005 0:00:00,#for31,#user84
Message,#msg407,Small Text407407407,01.03.2016 0:00:00,#for31,#user131
Message,#msg408,Small Text408408408,14.08.2010 0:00:00,#for36,#user90
Message,#msg409,Small Text409409409,10.09.2014 0:00:00,#for15,#user89
Message,#msg410,Small Text410410410,09.11.2016 0:00:00,#for7,#user141
Message,#msg411,Small Text411411411,18.06.2016 0:00:00,#for43,#user120
Message,#msg412,Small Text412412412,08.11.2013 0:00:00,#for38,#user8
Message,#msg413,Small Text413413413,05.03.2010 0:00:00,#for33,#user21
Message,#msg414,Small Text414414414,22.05.2013 0:00:00,#for14,#user160
Message,#msg415,Small Text415415415,14.11.2021 0:00:00,#for7,#user122
Message,#msg416,Small Text416416416,23.06.2017 0:00:00,#for30,#user131
Message,#msg417,Small Text417417417,14.07.2000 0:00:00,#for36,#user140
Message,#msg418,Small Text418418418,03.05.2013 0:00:00,#for32,#user136
Message,#msg419,Small Text419419419,25.06.2017 0:00:00,#for28,#user9
Message,#msg420,Small Text420420420,02.04.2008 0:00:00,#for36,#user18
Message,#msg421,Small Text421421421,24.08.2021 0:00:00,#for41,#user122
Message,#msg422,Small Text422422422,18.08.2009 0:00:00,#for6,#user98
Message,#msg423,Small Text423423423,03.09.2001 0:00:00,#for46,#user46
Message,#msg424,Small Text424424424,13.10.2015 0:00:00,#for50,#user98
Message,#msg425,Small Text425425425,19.06.2019 0:00:00,#for25,#user110
Message,#msg426,Small Text426426426,26.11.2000 0:00:00,#for32,#user38
Message,#msg427,Small Text427427427,12.06.2020 0:00:00,#for23,#user74
Message,#msg428,Small Text428428428,10.01.2013 0:00:00,#for49,#user11
Message,#msg429,Small Text429429429,14.07.2014 0:00:00,#for3,#user81
Message,#msg430,Small Text430430430,12.08.2020 0:00:00,#for41,#user119
Message,#msg431,Small Text431431431,08.08.2010 0:00:00,#for35,#user49
Message,#msg432,Small Text432432432,02.02.2011 0:00:00,#for47,#user135
Message,#msg433,Small Text433433433,01.09.2007 0:00:00,#for16,#user13
Message,#msg434,Small Text434434434,05.04.2009 0:00:00,#for37,#user186
Message,#msg435,Small Text435435435,23.10.2006 0:00:00,#for2,#user138
Message,#msg436,Small Text436436436,18.05.2002 0:00:00,#for47,#user105
Message,#msg437,Small Text437437437,22.07.2007 0:00:00,#for19,#user50
Message,#msg438,Small Text438438438,16.04.2017 0:00:00,#for48,#user170
Message,#msg439,Small Text439439439,10.09.2020 0:00:00,#for49,#user109
Message,#msg440,Small Text440440440,25.04.2012 0:00:00,#for26,#user75
Message,#msg441,Small Text441441441,17.11.2021 0:00:00,#for16,#user99
Message,#msg442,Small Text442442442,01.07.2004 0:00:00,#for1,#user89
Message,#msg443,Small Text443443443,22.01.2013 0:00:00,#for42,#user179
Message,#msg444,Small Text444444444,11.05.2010 0:00:00,#for48,#user67
Message,#msg445,Small Text445445445,02.08.2007 0:00:00,#for42,#user51
Message,#msg446,Small Text446446446,08.09.2020 0:00:00,#for48,#user195
Message,#msg447,Small Text447447447,24.09.2006 0:00:00,#for12,#user175
Message,#msg448,Small Text448448448,13.06.2002 0:00:00,#for22,#user41
Message,#msg449,Small Text449449449,01.09.2020 0:00:00,#for1,#user82
Message,#msg450,Small Text450450450,25.02.2020 0:00:00,#for31,#user82
Message,#msg451,Small Text451451451,01.07.2013 0:00:00,#for6,#user197
Message,#msg452,Small Text452452452,06.02.2004 0:00:00,#for1,#user70
Message,#msg453,Small Text453453453,15.05.2021 0:00:00,#for44,#user166
Message,#msg454,Small Text454454454,19.10.2003 0:00:00,#for7,#user26
Message,#msg455,Small Text455455455,17.08.2016 0:00:00,#for1,#user131
Message,#msg456,Small Text456456456,11.04.2007 0:00:00,#for46,#user89
Message,#msg457,Small Text457457457,13.09.2017 0:00:00,#for25,#user187
Message,#msg458,Small Text458458458,22.08.2006 0:00:00,#for20,#user77
Message,#msg459,Small Text459459459,03.10.2002 0:00:00,#for20,#user152
Message,#msg460,Small Text460460460,02.10.2017 0:00:00,#for44,#user136
Message,#msg461,Small Text461461461,03.07.2009 0:00:00,#for42,#user89
Message,#msg462,Small Text462462462,19.07.2021 0:00:00,#for18,#user31
Message,#msg463,Small Text463463463,09.01.2017 0:00:00,#for20,#user195
Message,#msg464,Small Text464464464,14.01.2013 0:00:00,#for38,#user73
Message,#msg465,Small Text465465465,21.11.2002 0:00:00,#for14,#user168
Message,#msg466,Small Text466466466,21.06.2004 0:00:00,#for37,#user175
Message,#msg467,Small Text467467467,27.04.2020 0:00:00,#for4,#user200
Message,#msg468,Small Text468468468,21.08.2007 0:00:00,#for25,#user141
Message,#msg469,Small Text469469469,18.11.2016 0:00:00,#for25,#user145
Message,#msg470,Small Text470470470,17.09.2001 0:00:00,#for33,#user87
Message,#msg471,Small Text471471471,06.02.2007 0:00:00,#for9,#user131
Message,#msg472,Small Text472472472,06.03.2004 0:00:00,#for25,#user131
Message,#msg473,Small Text473473473,02.10.2013 0:00:00,#for14,#user200
Message,#msg474,Small Text474474474,17.08.2000 0:00:00,#for3,#user47
Message,#msg475,Small Text475475475,05.08.2016 0:00:00,#for30,#user72
Message,#msg476,Small Text476476476,08.09.2017 0:00:00,#for4,#user33
Message,#msg477,Small Text477477477,17.08.2000 0:00:00,#for43,#user64
Message,#msg478,Small Text478478478,09.09.2006 0:00:00,#for43,#user146
Message,#msg479,Small Text479479479,10.05.2010 0:00:00,#for30,#user171
Message,#msg480,Small Text480480480,24.04.2003 0:00:00,#for10,#user19
Message,#msg481,Small Text481481481,27.08.2007 0:00:00,#for17,#user129
Message,#msg482,Small Text482482482,23.01.2000 0:00:00,#for23,#user129
Message,#msg483,Small Text483483483,06.04.2016 0:00:00,#for23,#user131
Message,#msg484,Small Text484484484,17.03.2019 0:00:00,#for50,#user13
Message,#msg485,Small Text485485485,27.08.2000 0:00:00,#for4,#user130
Message,#msg486,Small Text486486486,10.04.2003 0:00:00,#for5,#user16
Message,#msg487,Small Text487487487,09.11.2005 0:00:00,#for13,#user23
Message,#msg488,Small Text488488488,25.04.2009 0:00:00,#for8,#user6
Message,#msg489,Small Text489489489,19.04.2015 0:00:00,#for32,#user94
Message,#msg490,Small Text490490490,21.01.2009 0:00:00,#for22,#user197
Message,#msg491,Small Text491491491,13.06.2014 0:00:00,#for25,#user29
Message,#msg492,Small Text492492492,05.09.2014 0:00:00,#for19,#user18
Message,#msg493,Small Text493493493,15.11.2018 0:00:00,#for37,#user87
Message,#msg494,Small Text494494494,16.07.2018 0:00:00,#for35,#user155
Message,#msg495,Small Text495495495,07.06.2017 0:00:00,#for13,#user152
Message,#msg496,Small Text496496496,08.02.2008 0:00:00,#for39,#user16
Message,#msg497,Small Text497497497,11.01.2015 0:00:00,#for12,#user69
Message,#msg498,Small Text498498498,18.02.2002 0:00:00,#for27,#user148
Message,#msg499,Small Text499499499,08.10.2019 0:00:00,#for24,#user176
Message,#msg500,Small Text500500500,24.02.2018 0:00:00,#for43,#user86
Message,#msg501,Small Text501501501,17.04.2020 0:00:00,#for11,#user165
Message,#msg502,Small Text502502502,04.07.2017 0:00:00,#for13,#user75
Message,#msg503,Small Text503503503,14.03.2016 0:00:00,#for18,#user19
Message,#msg504,Small Text504504504,17.06.2000 0:00:00,#for40,#user173
Message,#msg505,Small Text505505505,20.02.2019 0:00:00,#for42,#user60
Message,#msg506,Small Text506506506,21.03.2007 0:00:00,#for32,#user92
Message,#msg507,Small Text507507507,26.02.2004 0:00:00,#for36,#user185
Message,#msg508,Small Text508508508,07.10.2007 0:00:00,#for17,#user54
Message,#msg509,Small Text509509509,20.05.2021 0:00:00,#for21,#user24
Message,#msg510,Small Text510510510,19.03.2000 0:00:00,#for44,#user10
Message,#msg511,Small Text511511511,18.03.2014 0:00:00,#for46,#user164
Message,#msg512,Small Text512512512,06.02.2012 0:00:00,#for40,#user79
Message,#msg513,Small Text513513513,01.04.2004 0:00:00,#for41,#user188
Message,#msg514,Small Text514514514,04.11.2002 0:00:00,#for24,#user151
Message,#msg515,Small Text515515515,04.05.2003 0:00:00,#for9,#user2
Message,#msg516,Small Text516516516,21.04.2008 0:00:00,#for21,#user84
Message,#msg517,Small Text517517517,04.01.2019 0:00:00,#for1,#user121
Message,#msg518,Small Text518518518,04.10.2014 0:00:00,#for11,#user106
Message,#msg519,Small Text519519519,23.10.2008 0:00:00,#for46,#user175
Message,#msg520,Small Text520520520,03.05.2013 0:00:00,#for18,#user62
Message,#msg521,Small Text521521521,22.02.2004 0:00:00,#for32,#user133
Message,#msg522,Small Text522522522,17.09.2015 0:00:00,#for17,#user57
Message,#msg523,Small Text523523523,18.08.2006 0:00:00,#for12,#user174
Message,#msg524,Small Text524524524,21.02.2021 0:00:00,#for4,#user113
Message,#msg525,Small Text525525525,19.04.2018 0:00:00,#for2,#user112
Message,#msg526,Small Text526526526,23.05.2001 0:00:00,#for47,#user142
Message,#msg527,Small Text527527527,23.03.2011 0:00:00,#for19,#user146
Message,#msg528,Small Text528528528,19.04.2013 0:00:00,#for48,#user106
Message,#msg529,Small Text529529529,21.08.2017 0:00:00,#for43,#user188
Message,#msg530,Small Text530530530,04.10.2000 0:00:00,#for4,#user98
Message,#msg531,Small Text531531531,11.01.2020 0:00:00,#for39,#user113
Message,#msg532,Small Text532532532,02.07.2016 0:00:00,#for13,#user68
Message,#msg533,Small Text533533533,13.02.2004 0:00:00,#for4,#user25
Message,#msg534,Small Text534534534,25.11.2011 0:00:00,#for35,#user126
Message,#msg535,Small Text535535535,18.09.2009 0:00:00,#for5,#user165
Message,#msg536,Small Text536536536,04.01.2008 0:00:00,#for40,#user132
Message,#msg537,Small Text537537537,03.10.2018 0:00:00,#for24,#user37
Message,#msg538,Small Text538538538,01.03.2010 0:00:00,#for47,#user20
Message,#msg539,Small Text539539539,27.08.2015 0:00:00,#for20,#user103
Message,#msg540,Small Text540540540,14.08.2017 0:00:00,#for41,#user33
Message,#msg541,Small Text541541541,03.03.2002 0:00:00,#for22,#user113
Message,#msg542,Small Text542542542,15.05.2001 0:00:00,#for6,#user182
Message,#msg543,Small Text543543543,22.04.2001 0:00:00,#for29,#user32
Message,#msg544,Small Text544544544,24.05.2010 0:00:00,#for49,#user5
Message,#msg545,Small Text545545545,03.10.2015 0:00:00,#for36,#user36
Message,#msg546,Small Text546546546,07.02.2019 0:00:00,#for17,#user197
Message,#msg547,Small Text547547547,04.05.2002 0:00:00,#for15,#user184
Message,#msg548,Small Text548548548,27.06.2004 0:00:00,#for30,#user4
Message,#msg549,Small Text549549549,14.06.2021 0:00:00,#for15,#user95
Message,#msg550,Small Text550550550,14.08.2016 0:00:00,#for27,#user193
Message,#msg551,Small Text551551551,24.10.2009 0:00:00,#for27,#user19
Message,#msg552,Small Text552552552,20.08.2011 0:00:00,#for15,#user103
Message,#msg553,Small Text553553553,08.05.2008 0:00:00,#for3,#user96
Message,#msg554,Small Text554554554,27.09.2011 0:00:00,#for2,#user185
Message,#msg555,Small Text555555555,17.07.2002 0:00:00,#for7,#user132
Message,#msg556,Small Text556556556,26.10.2007 0:00:00,#for19,#user120
Message,#msg557,Small Text557557557,27.05.2016 0:00:00,#for25,#user89
Message,#msg558,Small Text558558558,17.08.2002 0:00:00,#for43,#user178
Message,#msg559,Small Text559559559,15.09.2005 0:00:00,#for2,#user187
Message,#msg560,Small Text560560560,17.01.2006 0:00:00,#for4,#user153
Message,#msg561,Small Text561561561,25.02.2011 0:00:00,#for42,#user72
Message,#msg562,Small Text562562562,17.01.2016 0:00:00,#for48,#user196
Message,#msg563,Small Text563563563,23.05.2021 0:00:00,#for18,#user95
Message,#msg564,Small Text564564564,23.06.2004 0:00:00,#for19,#user33
Message,#msg565,Small Text565565565,18.01.2015 0:00:00,#for48,#user41
Message,#msg566,Small Text566566566,11.11.2008 0:00:00,#for11,#user51
Message,#msg567,Small Text567567567,13.03.2017 0:00:00,#for20,#user63
Message,#msg568,Small Text568568568,03.03.2000 0:00:00,#for11,#user88
Message,#msg569,Small Text569569569,02.06.2012 0:00:00,#for50,#user148
Message,#msg570,Small Text570570570,01.02.2004 0:00:00,#for32,#user86
Message,#msg571,Small Text571571571,20.04.2012 0:00:00,#for12,#user50
Message,#msg572,Small Text572572572,04.08.2012 0:00:00,#for27,#user50
Message,#msg573,Small Text573573573,21.11.2007 0:00:00,#for12,#user191
Message,#msg574,Small Text574574574,27.03.2021 0:00:00,#for1,#user93
Message,#msg575,Small Text575575575,17.02.2000 0:00:00,#for6,#user123
Message,#msg576,Small Text576576576,14.07.2002 0:00:00,#for10,#user139
Message,#msg577,Small Text577577577,27.09.2013 0:00:00,#for16,#user66
Message,#msg578,Small Text578578578,17.01.2018 0:00:00,#for12,#user179
Message,#msg579,Small Text579579579,22.04.2008 0:00:00,#for31,#user34
Message,#msg580,Small Text580580580,19.03.2019 0:00:00,#for34,#user133
Message,#msg581,Small Text581581581,03.04.2013 0:00:00,#for37,#user7
Message,#msg582,Small Text582582582,10.05.2000 0:00:00,#for35,#user5
Message,#msg583,Small Text583583583,09.05.2013 0:00:00,#for48,#user134
Message,#msg584,Small Text584584584,13.03.2018 0:00:00,#for17,#user70
Message,#msg585,Small Text585585585,22.08.2019 0:00:00,#for43,#user53
Message,#msg586,Small Text586586586,04.10.2010 0:00:00,#for22,#user88
Message,#msg587,Small Text587587587,14.03.2000 0:00:00,#for49,#user4
Message,#msg588,Small Text588588588,26.02.2018 0:00:00,#for29,#user156
Message,#msg589,Small Text589589589,05.01.2007 0:00:00,#for5,#user69
Message,#msg590,Small Text590590590,08.08.2014 0:00:00,#for2,#user13
Message,#msg591,Small Text591591591,12.11.2019 0:00:00,#for2,#user105
Message,#msg592,Small Text592592592,03.01.2009 0:00:00,#for36,#user123
Message,#msg593,Small Text593593593,09.02.2020 0:00:00,#for37,#user1
Message,#msg594,Small Text594594594,11.10.2008 0:00:00,#for19,#user100
Message,#msg595,Small Text595595595,21.04.2000 0:00:00,#for2,#user116
Message,#msg596,Small Text596596596,09.02.2002 0:00:00,#for18,#user130
Message,#msg597,Small Text597597597,06.05.2017 0:00:00,#for32,#user157
Message,#msg598,Small Text598598598,22.11.2013 0:00:00,#for21,#user117
Message,#msg599,Small Text599599599,07.04.2011 0:00:00,#for35,#user167
Message,#msg600,Small Text600600600,06.05.2008 0:00:00,#for5,#user39
Message,#msg601,Small Text601601601,01.11.2004 0:00:00,#for45,#user50
Message,#msg602,Small Text602602602,08.04.2013 0:00:00,#for46,#user193
Message,#msg603,Small Text603603603,22.09.2009 0:00:00,#for38,#user31
Message,#msg604,Small Text604604604,27.08.2013 0:00:00,#for43,#user106
Message,#msg605,Small Text605605605,01.10.2006 0:00:00,#for42,#user130
Message,#msg606,Small Text606606606,18.05.2003 0:00:00,#for30,#user80
Message,#msg607,Small Text607607607,08.03.2003 0:00:00,#for29,#user183
Message,#msg608,Small Text608608608,15.04.2018 0:00:00,#for8,#user62
Message,#msg609,Small Text609609609,21.08.2011 0:00:00,#for31,#user15
Message,#msg610,Small Text610610610,27.06.2015 0:00:00,#for42,#user118
Message,#msg611,Small Text611611611,14.02.2011 0:00:00,#for32,#user100
Message,#msg612,Small Text612612612,01.05.2011 0:00:00,#for49,#user151
Message,#msg613,Small Text613613613,17.04.2005 0:00:00,#for28,#user71
Message,#msg614,Small Text614614614,12.02.2013 0:00:00,#for15,#user175
Message,#msg615,Small Text615615615,08.02.2016 0:00:00,#for11,#user36
Message,#msg616,Small Text616616616,04.07.2021 0:00:00,#for3,#user106
Message,#msg617,Small Text617617617,03.03.2011 0:00:00,#for11,#user197
Message,#msg618,Small Text618618618,19.01.2015 0:00:00,#for11,#user42
Message,#msg619,Small Text619619619,14.01.2013 0:00:00,#for4,#user45
Message,#msg620,Small Text620620620,22.01.2002 0:00:00,#for26,#user26
Message,#msg621,Small Text621621621,21.10.2019 0:00:00,#for44,#user74
Message,#msg622,Small Text622622622,25.10.2012 0:00:00,#for34,#user139
Message,#msg623,Small Text623623623,26.08.2005 0:00:00,#for33,#user146
Message,#msg624,Small Text624624624,04.01.2016 0:00:00,#for7,#user12
Message,#msg625,Small Text625625625,12.07.2010 0:00:00,#for16,#user48
Message,#msg626,Small Text626626626,24.11.2011 0:00:00,#for20,#user191
Message,#msg627,Small Text627627627,22.03.2011 0:00:00,#for2,#user97
Message,#msg628,Small Text628628628,04.01.2014 0:00:00,#for11,#user49
Message,#msg629,Small Text629629629,16.01.2010 0:00:00,#for30,#user187
Message,#msg630,Small Text630630630,17.01.2015 0:00:00,#for8,#user117
Message,#msg631,Small Text631631631,27.11.2005 0:00:00,#for17,#user155
Message,#msg632,Small Text632632632,21.06.2000 0:00:00,#for5,#user189
Message,#msg633,Small Text633633633,18.11.2012 0:00:00,#for1,#user66
Message,#msg634,Small Text634634634,13.05.2013 0:00:00,#for43,#user24
Message,#msg635,Small Text635635635,13.08.2006 0:00:00,#for10,#user77
Message,#msg636,Small Text636636636,06.05.2007 0:00:00,#for11,#user24
Message,#msg637,Small Text637637637,15.06.2004 0:00:00,#for47,#user107
Message,#msg638,Small Text638638638,02.10.2005 0:00:00,#for37,#user66
Message,#msg639,Small Text639639639,06.05.2018 0:00:00,#for40,#user188
Message,#msg640,Small Text640640640,09.02.2015 0:00:00,#for29,#user81
Message,#msg641,Small Text641641641,05.03.2018 0:00:00,#for46,#user82
Message,#msg642,Small Text642642642,01.09.2018 0:00:00,#for46,#user172
Message,#msg643,Small Text643643643,07.07.2014 0:00:00,#for27,#user150
Message,#msg644,Small Text644644644,13.08.2015 0:00:00,#for8,#user78
Message,#msg645,Small Text645645645,20.01.2014 0:00:00,#for10,#user106
Message,#msg646,Small Text646646646,04.02.2014 0:00:00,#for48,#user134
Message,#msg647,Small Text647647647,01.06.2005 0:00:00,#for42,#user190
Message,#msg648,Small Text648648648,27.05.2018 0:00:00,#for9,#user188
Message,#msg649,Small Text649649649,03.10.2018 0:00:00,#for23,#user14
Message,#msg650,Small Text650650650,19.01.2011 0:00:00,#for50,#user56
Message,#msg651,Small Text651651651,21.01.2012 0:00:00,#for46,#user24
Message,#msg652,Small Text652652652,08.11.2021 0:00:00,#for27,#user116
Message,#msg653,Small Text653653653,17.07.2000 0:00:00,#for28,#user124
Message,#msg654,Small Text654654654,09.11.2020 0:00:00,#for18,#user152
Message,#msg655,Small Text655655655,13.05.2001 0:00:00,#for43,#user193
Message,#msg656,Small Text656656656,16.09.2010 0:00:00,#for3,#user104
Message,#msg657,Small Text657657657,09.03.2009 0:00:00,#for33,#user48
Message,#msg658,Small Text658658658,09.01.2015 0:00:00,#for35,#user129
Message,#msg659,Small Text659659659,10.10.2016 0:00:00,#for33,#user151
Message,#msg660,Small Text660660660,24.01.2003 0:00:00,#for23,#user200
Message,#msg661,Small Text661661661,16.10.2004 0:00:00,#for29,#user93
Message,#msg662,Small Text662662662,25.09.2012 0:00:00,#for20,#user195
Message,#msg663,Small Text663663663,13.08.2009 0:00:00,#for33,#user24
Message,#msg664,Small Text664664664,18.11.2006 0:00:00,#for11,#user80
Message,#msg665,Small Text665665665,21.07.2012 0:00:00,#for45,#user70
Message,#msg666,Small Text666666666,21.04.2007 0:00:00,#for19,#user161
Message,#msg667,Small Text667667667,20.06.2004 0:00:00,#for13,#user138
Message,#msg668,Small Text668668668,02.01.2019 0:00:00,#for2,#user32
Message,#msg669,Small Text669669669,25.07.2014 0:00:00,#for24,#user167
Message,#msg670,Small Text670670670,19.03.2015 0:00:00,#for12,#user110
Message,#msg671,Small Text671671671,06.04.2010 0:00:00,#for12,#user148
Message,#msg672,Small Text672672672,01.05.2001 0:00:00,#for11,#user81
Message,#msg673,Small Text673673673,24.04.2017 0:00:00,#for5,#user135
Message,#msg674,Small Text674674674,15.07.2014 0:00:00,#for14,#user195
Message,#msg675,Small Text675675675,18.04.2005 0:00:00,#for29,#user156
Message,#msg676,Small Text676676676,02.01.2005 0:00:00,#for2,#user42
Message,#msg677,Small Text677677677,17.05.2014 0:00:00,#for47,#user153
Message,#msg678,Small Text678678678,23.09.2009 0:00:00,#for43,#user31
Message,#msg679,Small Text679679679,17.03.2001 0:00:00,#for3,#user151
Message,#msg680,Small Text680680680,18.01.2003 0:00:00,#for47,#user69
Message,#msg681,Small Text681681681,02.11.2006 0:00:00,#for42,#user81
Message,#msg682,Small Text682682682,27.10.2003 0:00:00,#for43,#user155
Message,#msg683,Small Text683683683,24.02.2000 0:00:00,#for47,#user124
Message,#msg684,Small Text684684684,19.04.2015 0:00:00,#for19,#user166
Message,#msg685,Small Text685685685,01.04.2001 0:00:00,#for15,#user21
Message,#msg686,Small Text686686686,20.05.2011 0:00:00,#for3,#user6
Message,#msg687,Small Text687687687,06.11.2010 0:00:00,#for26,#user149
Message,#msg688,Small Text688688688,18.09.2014 0:00:00,#for13,#user139
Message,#msg689,Small Text689689689,08.11.2003 0:00:00,#for36,#user148
Message,#msg690,Small Text690690690,05.09.2020 0:00:00,#for10,#user125
Message,#msg691,Small Text691691691,01.06.2014 0:00:00,#for22,#user61
Message,#msg692,Small Text692692692,07.10.2019 0:00:00,#for47,#user54
Message,#msg693,Small Text693693693,27.02.2009 0:00:00,#for45,#user88
Message,#msg694,Small Text694694694,23.04.2008 0:00:00,#for28,#user62
Message,#msg695,Small Text695695695,18.07.2014 0:00:00,#for34,#user60
Message,#msg696,Small Text696696696,08.01.2018 0:00:00,#for15,#user5
Message,#msg697,Small Text697697697,12.09.2005 0:00:00,#for22,#user78
Message,#msg698,Small Text698698698,02.04.2021 0:00:00,#for17,#user199
Message,#msg699,Small Text699699699,20.05.2019 0:00:00,#for42,#user124
Message,#msg700,Small Text700700700,23.02.2019 0:00:00,#for41,#user68
Message,#msg701,Small Text701701701,21.02.2008 0:00:00,#for19,#user61
Message,#msg702,Small Text702702702,15.09.2002 0:00:00,#for41,#user75
Message,#msg703,Small Text703703703,06.07.2019 0:00:00,#for10,#user106
Message,#msg704,Small Text704704704,11.10.2019 0:00:00,#for47,#user154
Message,#msg705,Small Text705705705,18.05.2003 0:00:00,#for31,#user29
Message,#msg706,Small Text706706706,27.03.2009 0:00:00,#for42,#user53
Message,#msg707,Small Text707707707,02.09.2002 0:00:00,#for44,#user110
Message,#msg708,Small Text708708708,06.10.2018 0:00:00,#for3,#user194
Message,#msg709,Small Text709709709,12.10.2011 0:00:00,#for3,#user15
Message,#msg710,Small Text710710710,15.09.2015 0:00:00,#for44,#user95
Message,#msg711,Small Text711711711,24.08.2017 0:00:00,#for16,#user187
Message,#msg712,Small Text712712712,14.10.2006 0:00:00,#for39,#user78
Message,#msg713,Small Text713713713,06.02.2018 0:00:00,#for29,#user161
Message,#msg714,Small Text714714714,04.08.2000 0:00:00,#for21,#user70
Message,#msg715,Small Text715715715,23.03.2011 0:00:00,#for44,#user183
Message,#msg716,Small Text716716716,13.06.2004 0:00:00,#for9,#user65
Message,#msg717,Small Text717717717,04.03.2016 0:00:00,#for28,#user180
Message,#msg718,Small Text718718718,23.06.2001 0:00:00,#for33,#user152
Message,#msg719,Small Text719719719,26.08.2011 0:00:00,#for42,#user25
Message,#msg720,Small Text720720720,21.08.2007 0:00:00,#for2,#user28
Message,#msg721,Small Text721721721,24.10.2003 0:00:00,#for50,#user4
Message,#msg722,Small Text722722722,20.02.2000 0:00:00,#for47,#user137
Message,#msg723,Small Text723723723,08.02.2001 0:00:00,#for13,#user123
Message,#msg724,Small Text724724724,22.05.2018 0:00:00,#for19,#user50
Message,#msg725,Small Text725725725,06.11.2012 0:00:00,#for3,#user185
Message,#msg726,Small Text726726726,22.02.2010 0:00:00,#for12,#user18
Message,#msg727,Small Text727727727,22.08.2007 0:00:00,#for50,#user85
Message,#msg728,Small Text728728728,05.09.2014 0:00:00,#for5,#user189
Message,#msg729,Small Text729729729,02.04.2014 0:00:00,#for44,#user50
Message,#msg730,Small Text730730730,24.01.2004 0:00:00,#for47,#user144
Message,#msg731,Small Text731731731,12.08.2020 0:00:00,#for50,#user39
Message,#msg732,Small Text732732732,11.08.2000 0:00:00,#for8,#user178
Message,#msg733,Small Text733733733,25.04.2001 0:00:00,#for10,#user188
Message,#msg734,Small Text734734734,07.09.2004 0:00:00,#for47,#user18
Message,#msg735,Small Text735735735,22.09.2002 0:00:00,#for15,#user12
Message,#msg736,Small Text736736736,21.07.2015 0:00:00,#for12,#user167
Message,#msg737,Small Text737737737,04.07.2018 0:00:00,#for32,#user118
Message,#msg738,Small Text738738738,19.06.2018 0:00:00,#for20,#user61
Message,#msg739,Small Text739739739,08.04.2008 0:00:00,#for46,#user102
Message,#msg740,Small Text740740740,03.03.2016 0:00:00,#for30,#user13
Message,#msg741,Small Text741741741,12.11.2001 0:00:00,#for33,#user129
Message,#msg742,Small Text742742742,23.09.2008 0:00:00,#for34,#user101
Message,#msg743,Small Text743743743,03.03.2001 0:00:00,#for41,#user51
Message,#msg744,Small Text744744744,27.01.2012 0:00:00,#for41,#user15
Message,#msg745,Small Text745745745,14.07.2009 0:00:00,#for41,#user194
Message,#msg746,Small Text746746746,18.04.2016 0:00:00,#for10,#user172
Message,#msg747,Small Text747747747,16.11.2010 0:00:00,#for7,#user126
Message,#msg748,Small Text748748748,24.01.2017 0:00:00,#for26,#user180
Message,#msg749,Small Text749749749,27.05.2008 0:00:00,#for28,#user145
Message,#msg750,Small Text750750750,09.04.2014 0:00:00,#for4,#user105
Message,#msg751,Small Text751751751,01.10.2002 0:00:00,#for47,#user31
Message,#msg752,Small Text752752752,10.01.2007 0:00:00,#for38,#user143
Message,#msg753,Small Text753753753,27.11.2005 0:00:00,#for46,#user171
Message,#msg754,Small Text754754754,13.01.2002 0:00:00,#for30,#user28
Message,#msg755,Small Text755755755,26.07.2017 0:00:00,#for48,#user17
Message,#msg756,Small Text756756756,19.05.2010 0:00:00,#for13,#user199
Message,#msg757,Small Text757757757,08.07.2009 0:00:00,#for48,#user152
Message,#msg758,Small Text758758758,21.09.2006 0:00:00,#for26,#user62
Message,#msg759,Small Text759759759,10.08.2008 0:00:00,#for4,#user16
Message,#msg760,Small Text760760760,22.10.2007 0:00:00,#for34,#user116
Message,#msg761,Small Text761761761,25.10.2010 0:00:00,#for9,#user71
Message,#msg762,Small Text762762762,21.08.2020 0:00:00,#for13,#user132
Message,#msg763,Small Text763763763,15.10.2014 0:00:00,#for8,#user26
Message,#msg764,Small Text764764764,20.09.2018 0:00:00,#for43,#user122
Message,#msg765,Small Text765765765,22.04.2011 0:00:00,#for8,#user166
Message,#msg766,Small Text766766766,05.09.2003 0:00:00,#for9,#user86
Message,#msg767,Small Text767767767,05.10.2012 0:00:00,#for27,#user84
Message,#msg768,Small Text768768768,02.08.2006 0:00:00,#for38,#user6
Message,#msg769,Small Text769769769,25.02.2004 0:00:00,#for26,#user147
Message,#msg770,Small Text770770770,18.04.2015 0:00:00,#for11,#user97
Message,#msg771,Small Text771771771,05.01.2001 0:00:00,#for25,#user59
Message,#msg772,Small Text772772772,07.01.2004 0:00:00,#for2,#user109
Message,#msg773,Small Text773773773,21.06.2004 0:00:00,#for29,#user11
Message,#msg774,Small Text774774774,06.07.2007 0:00:00,#for32,#user56
Message,#msg775,Small Text775775775,08.05.2018 0:00:00,#for38,#user76
Message,#msg776,Small Text776776776,10.05.2015 0:00:00,#for46,#user76
Message,#msg777,Small Text777777777,06.08.2008 0:00:00,#for43,#user136
Message,#msg778,Small Text778778778,14.07.2005 0:00:00,#for2,#user59
Message,#msg779,Small Text779779779,08.02.2014 0:00:00,#for47,#user153
Message,#msg780,Small Text780780780,25.02.2001 0:00:00,#for4,#user171
Message,#msg781,Small Text781781781,11.06.2012 0:00:00,#for44,#user17
Message,#msg782,Small Text782782782,15.07.2003 0:00:00,#for15,#user198
Message,#msg783,Small Text783783783,02.02.2012 0:00:00,#for37,#user120
Message,#msg784,Small Text784784784,21.02.2003 0:00:00,#for3,#user60
Message,#msg785,Small Text785785785,07.10.2019 0:00:00,#for49,#user164
Message,#msg786,Small Text786786786,12.02.2021 0:00:00,#for10,#user118
Message,#msg787,Small Text787787787,20.04.2016 0:00:00,#for10,#user48
Message,#msg788,Small Text788788788,13.07.2004 0:00:00,#for30,#user190
Message,#msg789,Small Text789789789,02.09.2016 0:00:00,#for42,#user65
Message,#msg790,Small Text790790790,07.10.2007 0:00:00,#for39,#user62
Message,#msg791,Small Text791791791,11.10.2007 0:00:00,#for18,#user62
Message,#msg792,Small Text792792792,06.02.2017 0:00:00,#for35,#user73
Message,#msg793,Small Text793793793,25.10.2021 0:00:00,#for13,#user94
Message,#msg794,Small Text794794794,15.05.2002 0:00:00,#for9,#user103
Message,#msg795,Small Text795795795,20.10.2016 0:00:00,#for5,#user121
Message,#msg796,Small Text796796796,16.11.2011 0:00:00,#for27,#user77
Message,#msg797,Small Text797797797,10.01.2013 0:00:00,#for32,#user79
Message,#msg798,Small Text798798798,19.09.2005 0:00:00,#for4,#user57
Message,#msg799,Small Text799799799,27.01.2000 0:00:00,#for49,#user4
Message,#msg800,Small Text800800800,16.04.2013 0:00:00,#for10,#user98
Message,#msg801,Small Text801801801,16.09.2007 0:00:00,#for13,#user147
Message,#msg802,Small Text802802802,11.11.2015 0:00:00,#for4,#user197
Message,#msg803,Small Text803803803,27.07.2002 0:00:00,#for6,#user2
Message,#msg804,Small Text804804804,16.07.2003 0:00:00,#for31,#user49
Message,#msg805,Small Text805805805,16.09.2012 0:00:00,#for30,#user23
Message,#msg806,Small Text806806806,24.10.2009 0:00:00,#for7,#user22
Message,#msg807,Small Text807807807,13.08.2011 0:00:00,#for35,#user12
Message,#msg808,Small Text808808808,22.08.2002 0:00:00,#for8,#user181
Message,#msg809,Small Text809809809,25.04.2021 0:00:00,#for17,#user32
Message,#msg810,Small Text810810810,06.10.2006 0:00:00,#for5,#user99
Message,#msg811,Small Text811811811,09.10.2014 0:00:00,#for30,#user130
Message,#msg812,Small Text812812812,03.10.2005 0:00:00,#for25,#user115
Message,#msg813,Small Text813813813,20.02.2015 0:00:00,#for22,#user68
Message,#msg814,Small Text814814814,08.02.2000 0:00:00,#for19,#user92
Message,#msg815,Small Text815815815,22.02.2002 0:00:00,#for10,#user26
Message,#msg816,Small Text816816816,01.11.2004 0:00:00,#for31,#user102
Message,#msg817,Small Text817817817,21.05.2011 0:00:00,#for35,#user108
Message,#msg818,Small Text818818818,11.04.2008 0:00:00,#for26,#user192
Message,#msg819,Small Text819819819,06.05.2017 0:00:00,#for17,#user109
Message,#msg820,Small Text820820820,11.08.2008 0:00:00,#for17,#user124
Message,#msg821,Small Text821821821,11.06.2010 0:00:00,#for45,#user27
Message,#msg822,Small Text822822822,11.01.2019 0:00:00,#for3,#user56
Message,#msg823,Small Text823823823,12.04.2007 0:00:00,#for25,#user53
Message,#msg824,Small Text824824824,11.07.2004 0:00:00,#for38,#user191
Message,#msg825,Small Text825825825,06.03.2016 0:00:00,#for50,#user167
Message,#msg826,Small Text826826826,02.08.2008 0:00:00,#for24,#user184
Message,#msg827,Small Text827827827,04.09.2017 0:00:00,#for48,#user42
Message,#msg828,Small Text828828828,26.09.2013 0:00:00,#for14,#user11
Message,#msg829,Small Text829829829,14.06.2002 0:00:00,#for8,#user44
Message,#msg830,Small Text830830830,22.08.2020 0:00:00,#for13,#user160
Message,#msg831,Small Text831831831,13.05.2015 0:00:00,#for7,#user70
Message,#msg832,Small Text832832832,27.08.2006 0:00:00,#for47,#user12
Message,#msg833,Small Text833833833,05.07.2008 0:00:00,#for8,#user178
Message,#msg834,Small Text834834834,04.06.2010 0:00:00,#for13,#user49
Message,#msg835,Small Text835835835,11.07.2008 0:00:00,#for9,#user158
Message,#msg836,Small Text836836836,26.01.2017 0:00:00,#for9,#user37
Message,#msg837,Small Text837837837,04.08.2002 0:00:00,#for7,#user161
Message,#msg838,Small Text838838838,26.07.2017 0:00:00,#for49,#user27
Message,#msg839,Small Text839839839,26.03.2020 0:00:00,#for25,#user25
Message,#msg840,Small Text840840840,10.08.2020 0:00:00,#for9,#user176
Message,#msg841,Small Text841841841,15.11.2001 0:00:00,#for5,#user167
Message,#msg842,Small Text842842842,21.01.2008 0:00:00,#for4,#user88
Message,#msg843,Small Text843843843,15.04.2006 0:00:00,#for16,#user192
Message,#msg844,Small Text844844844,09.05.2003 0:00:00,#for2,#user111
Message,#msg845,Small Text845845845,16.05.2008 0:00:00,#for40,#user189
Message,#msg846,Small Text846846846,04.04.2020 0:00:00,#for42,#user90
Message,#msg847,Small Text847847847,16.10.2009 0:00:00,#for6,#user68
Message,#msg848,Small Text848848848,25.04.2002 0:00:00,#for43,#user113
Message,#msg849,Small Text849849849,26.06.2020 0:00:00,#for29,#user159
Message,#msg850,Small Text850850850,10.11.2006 0:00:00,#for16,#user100
Message,#msg851,Small Text851851851,27.08.2010 0:00:00,#for39,#user181
Message,#msg852,Small Text852852852,14.06.2013 0:00:00,#for8,#user83
Message,#msg853,Small Text853853853,01.07.2014 0:00:00,#for27,#user94
Message,#msg854,Small Text854854854,07.01.2012 0:00:00,#for34,#user160
Message,#msg855,Small Text855855855,21.02.2000 0:00:00,#for15,#user114
Message,#msg856,Small Text856856856,11.03.2014 0:00:00,#for15,#user159
Message,#msg857,Small Text857857857,26.04.2007 0:00:00,#for46,#user2
Message,#msg858,Small Text858858858,20.08.2003 0:00:00,#for40,#user7
Message,#msg859,Small Text859859859,25.02.2015 0:00:00,#for44,#user94
Message,#msg860,Small Text860860860,11.10.2001 0:00:00,#for28,#user171
Message,#msg861,Small Text861861861,11.03.2012 0:00:00,#for47,#user136
Message,#msg862,Small Text862862862,03.05.2015 0:00:00,#for43,#user127
Message,#msg863,Small Text863863863,10.03.2009 0:00:00,#for21,#user42
Message,#msg864,Small Text864864864,24.05.2003 0:00:00,#for12,#user158
Message,#msg865,Small Text865865865,16.09.2009 0:00:00,#for16,#user30
Message,#msg866,Small Text866866866,08.07.2013 0:00:00,#for41,#user198
Message,#msg867,Small Text867867867,02.10.2013 0:00:00,#for2,#user78
Message,#msg868,Small Text868868868,02.10.2021 0:00:00,#for38,#user188
Message,#msg869,Small Text869869869,02.11.2014 0:00:00,#for26,#user40
Message,#msg870,Small Text870870870,20.07.2009 0:00:00,#for19,#user1
Message,#msg871,Small Text871871871,25.06.2010 0:00:00,#for12,#user2
Message,#msg872,Small Text872872872,26.07.2012 0:00:00,#for26,#user109
Message,#msg873,Small Text873873873,06.02.2020 0:00:00,#for26,#user85
Message,#msg874,Small Text874874874,07.10.2018 0:00:00,#for21,#user125
Message,#msg875,Small Text875875875,07.08.2019 0:00:00,#for1,#user47
Message,#msg876,Small Text876876876,04.05.2010 0:00:00,#for19,#user184
Message,#msg877,Small Text877877877,08.04.2010 0:00:00,#for49,#user137
Message,#msg878,Small Text878878878,03.02.2004 0:00:00,#for45,#user186
Message,#msg879,Small Text879879879,04.08.2009 0:00:00,#for27,#user151
Message,#msg880,Small Text880880880,27.01.2004 0:00:00,#for4,#user21
Message,#msg881,Small Text881881881,27.11.2005 0:00:00,#for19,#user95
Message,#msg882,Small Text882882882,07.07.2018 0:00:00,#for42,#user135
Message,#msg883,Small Text883883883,07.02.2011 0:00:00,#for44,#user94
Message,#msg884,Small Text884884884,04.06.2010 0:00:00,#for24,#user112
Message,#msg885,Small Text885885885,03.01.2011 0:00:00,#for35,#user180
Message,#msg886,Small Text886886886,23.10.2000 0:00:00,#for38,#user144
Message,#msg887,Small Text887887887,25.09.2015 0:00:00,#for50,#user63
Message,#msg888,Small Text888888888,11.04.2000 0:00:00,#for22,#user179
Message,#msg889,Small Text889889889,16.08.2007 0:00:00,#for28,#user125
Message,#msg890,Small Text890890890,07.06.2005 0:00:00,#for5,#user72
Message,#msg891,Small Text891891891,02.03.2013 0:00:00,#for44,#user189
Message,#msg892,Small Text892892892,13.03.2017 0:00:00,#for48,#user116
Message,#msg893,Small Text893893893,26.09.2007 0:00:00,#for50,#user110
Message,#msg894,Small Text894894894,26.10.2015 0:00:00,#for11,#user78
Message,#msg895,Small Text895895895,08.04.2015 0:00:00,#for4,#user114
Message,#msg896,Small Text896896896,17.08.2012 0:00:00,#for47,#user128
Message,#msg897,Small Text897897897,15.06.2008 0:00:00,#for47,#user44
Message,#msg898,Small Text898898898,06.05.2005 0:00:00,#for6,#user186
Message,#msg899,Small Text899899899,19.06.2003 0:00:00,#for16,#user157
Message,#msg900,Small Text900900900,04.03.2001 0:00:00,#for48,#user113
Message,#msg901,Small Text901901901,15.09.2011 0:00:00,#for27,#user90
Message,#msg902,Small Text902902902,09.03.2014 0:00:00,#for23,#user89
Message,#msg903,Small Text903903903,09.04.2003 0:00:00,#for19,#user102
Message,#msg904,Small Text904904904,21.09.2001 0:00:00,#for46,#user159
Message,#msg905,Small Text905905905,14.09.2008 0:00:00,#for25,#user73
Message,#msg906,Small Text906906906,21.06.2020 0:00:00,#for28,#user112
Message,#msg907,Small Text907907907,03.09.2004 0:00:00,#for12,#user34
Message,#msg908,Small Text908908908,04.10.2001 0:00:00,#for28,#user54
Message,#msg909,Small Text909909909,03.11.2018 0:00:00,#for26,#user87
Message,#msg910,Small Text910910910,02.09.2009 0:00:00,#for27,#user104
Message,#msg911,Small Text911911911,07.07.2008 0:00:00,#for38,#user153
Message,#msg912,Small Text912912912,03.08.2009 0:00:00,#for30,#user182
Message,#msg913,Small Text913913913,14.10.2017 0:00:00,#for20,#user197
Message,#msg914,Small Text914914914,27.02.2002 0:00:00,#for21,#user200
Message,#msg915,Small Text915915915,27.05.2017 0:00:00,#for19,#user131
Message,#msg916,Small Text916916916,18.08.2013 0:00:00,#for48,#user125
Message,#msg917,Small Text917917917,07.04.2012 0:00:00,#for14,#user175
Message,#msg918,Small Text918918918,16.03.2015 0:00:00,#for24,#user102
Message,#msg919,Small Text919919919,05.08.2012 0:00:00,#for31,#user90
Message,#msg920,Small Text920920920,11.03.2001 0:00:00,#for25,#user114
Message,#msg921,Small Text921921921,25.05.2006 0:00:00,#for42,#user164
Message,#msg922,Small Text922922922,08.08.2010 0:00:00,#for29,#user149
Message,#msg923,Small Text923923923,16.09.2009 0:00:00,#for24,#user47
Message,#msg924,Small Text924924924,13.09.2014 0:00:00,#for26,#user22
Message,#msg925,Small Text925925925,04.08.2003 0:00:00,#for27,#user3
Message,#msg926,Small Text926926926,09.01.2002 0:00:00,#for17,#user98
Message,#msg927,Small Text927927927,16.10.2006 0:00:00,#for16,#user86
Message,#msg928,Small Text928928928,01.05.2017 0:00:00,#for13,#user147
Message,#msg929,Small Text929929929,13.07.2021 0:00:00,#for50,#user168
Message,#msg930,Small Text930930930,18.08.2013 0:00:00,#for39,#user200
Message,#msg931,Small Text931931931,01.06.2006 0:00:00,#for30,#user181
Message,#msg932,Small Text932932932,11.01.2009 0:00:00,#for7,#user36
Message,#msg933,Small Text933933933,19.03.2003 0:00:00,#for30,#user149
Message,#msg934,Small Text934934934,02.11.2013 0:00:00,#for30,#user46
Message,#msg935,Small Text935935935,23.03.2011 0:00:00,#for48,#user102
Message,#msg936,Small Text936936936,21.11.2008 0:00:00,#for35,#user162
Message,#msg937,Small Text937937937,04.08.2020 0:00:00,#for23,#user43
Message,#msg938,Small Text938938938,18.01.2014 0:00:00,#for38,#user45
Message,#msg939,Small Text939939939,01.01.2017 0:00:00,#for24,#user92
Message,#msg940,Small Text940940940,04.08.2003 0:00:00,#for16,#user24
Message,#msg941,Small Text941941941,14.08.2012 0:00:00,#for47,#user168
Message,#msg942,Small Text942942942,08.03.2012 0:00:00,#for46,#user191
Message,#msg943,Small Text943943943,23.04.2015 0:00:00,#for5,#user15
Message,#msg944,Small Text944944944,18.03.2021 0:00:00,#for1,#user82
Message,#msg945,Small Text945945945,07.01.2011 0:00:00,#for19,#user89
Message,#msg946,Small Text946946946,23.07.2012 0:00:00,#for10,#user135
Message,#msg947,Small Text947947947,02.11.2002 0:00:00,#for33,#user7
Message,#msg948,Small Text948948948,13.10.2008 0:00:00,#for7,#user173
Message,#msg949,Small Text949949949,03.05.2005 0:00:00,#for8,#user58
Message,#msg950,Small Text950950950,24.06.2010 0:00:00,#for48,#user19
Message,#msg951,Small Text951951951,01.02.2004 0:00:00,#for17,#user75
Message,#msg952,Small Text952952952,13.10.2009 0:00:00,#for47,#user171
Message,#msg953,Small Text953953953,08.06.2015 0:00:00,#for24,#user92
Message,#msg954,Small Text954954954,14.11.2007 0:00:00,#for1,#user74
Message,#msg955,Small Text955955955,06.01.2015 0:00:00,#for35,#user1
Message,#msg956,Small Text956956956,04.04.2010 0:00:00,#for36,#user174
Message,#msg957,Small Text957957957,06.10.2017 0:00:00,#for1,#user116
Message,#msg958,Small Text958958958,21.07.2000 0:00:00,#for41,#user138
Message,#msg959,Small Text959959959,18.11.2016 0:00:00,#for17,#user103
Message,#msg960,Small Text960960960,12.05.2005 0:00:00,#for42,#user120
Message,#msg961,Small Text961961961,07.02.2021 0:00:00,#for46,#user188
Message,#msg962,Small Text962962962,11.03.2002 0:00:00,#for33,#user48
Message,#msg963,Small Text963963963,15.10.2005 0:00:00,#for3,#user173
Message,#msg964,Small Text964964964,04.06.2018 0:00:00,#for29,#user96
Message,#msg965,Small Text965965965,05.07.2014 0:00:00,#for49,#user141
Message,#msg966,Small Text966966966,07.04.2002 0:00:00,#for22,#user45
Message,#msg967,Small Text967967967,16.08.2014 0:00:00,#for29,#user94
Message,#msg968,Small Text968968968,11.10.2021 0:00:00,#for39,#user27
Message,#msg969,Small Text969969969,02.08.2014 0:00:00,#for47,#user90
Message,#msg970,Small Text970970970,27.10.2000 0:00:00,#for33,#user36
Message,#msg971,Small Text971971971,01.09.2010 0:00:00,#for16,#user138
Message,#msg972,Small Text972972972,17.04.2008 0:00:00,#for17,#user4
Message,#msg973,Small Text973973973,04.06.2016 0:00:00,#for47,#user98
Message,#msg974,Small Text974974974,14.06.2012 0:00:00,#for7,#user164
Message,#msg975,Small Text975975975,05.06.2021 0:00:00,#for3,#user34
Message,#msg976,Small Text976976976,16.05.2004 0:00:00,#for41,#user192
Message,#msg977,Small Text977977977,09.09.2015 0:00:00,#for22,#user167
Message,#msg978,Small Text978978978,02.05.2010 0:00:00,#for5,#user43
Message,#msg979,Small Text979979979,17.07.2012 0:00:00,#for5,#user74
Message,#msg980,Small Text980980980,10.11.2017 0:00:00,#for44,#user123
Message,#msg981,Small Text981981981,13.09.2013 0:00:00,#for29,#user15
Message,#msg982,Small Text982982982,20.06.2019 0:00:00,#for31,#user84
Message,#msg983,Small Text983983983,10.07.2020 0:00:00,#for43,#user113
Message,#msg984,Small Text984984984,26.01.2013 0:00:00,#for44,#user116
Message,#msg985,Small Text985985985,22.05.2018 0:00:00,#for24,#user50
Message,#msg986,Small Text986986986,12.05.2011 0:00:00,#for15,#user195
Message,#msg987,Small Text987987987,22.01.2020 0:00:00,#for21,#user176
Message,#msg988,Small Text988988988,26.01.2003 0:00:00,#for20,#user49
Message,#msg989,Small Text989989989,06.07.2018 0:00:00,#for2,#user119
Message,#msg990,Small Text990990990,24.07.2015 0:00:00,#for24,#user151
Message,#msg991,Small Text991991991,26.04.2003 0:00:00,#for31,#user171
Message,#msg992,Small Text992992992,24.08.2011 0:00:00,#for44,#user200
Message,#msg993,Small Text993993993,22.08.2001 0:00:00,#for15,#user101
Message,#msg994,Small Text994994994,26.11.2018 0:00:00,#for50,#user57
Message,#msg995,Small Text995995995,14.02.2004 0:00:00,#for30,#user160
Message,#msg996,Small Text996996996,06.07.2015 0:00:00,#for25,#user48
Message,#msg997,Small Text997997997,23.08.2007 0:00:00,#for32,#user156
Message,#msg998,Small Text998998998,25.03.2002 0:00:00,#for35,#user159
Message,#msg999,Small Text999999999,19.03.2004 0:00:00,#for15,#user165
Message,#msg1000,Small Text100010001000,09.03.2014 0:00:00,#for30,#user125
